time_s,gaze_x,gaze_y,raw_x,raw_y,pitch_deg,yaw_deg,ear,blink,face_detected,calibrated,calib_mgae_deg,calib_rmse,calib_point_idx,calib_target_x,calib_target_y,X_feat,Y_feat,loo_mgae_deg,loo_euc_cm,loo_euc_x_cm,loo_euc_y_cm,tap_target_x,tap_target_y
0.660,,,,,,,,,0,0,,,,,,,,,,,,,
0.712,,,,,,,,,0,0,,,,,,,,,,,,,
0.733,,,,,,,,,0,0,,,,,,,,,,,,,
0.760,,,,,,,,,0,0,,,,,,,,,,,,,
0.795,,,,,,,,,0,0,,,,,,,,,,,,,
0.825,,,,,,,,,0,0,,,,,,,,,,,,,
0.857,,,,,,,,,0,0,,,,,,,,,,,,,
0.892,,,,,,,,,0,0,,,,,,,,,,,,,
0.925,,,,,,,,,0,0,,,,,,,,,,,,,
0.972,,,,,,,,,0,0,,,,,,,,,,,,,
1.004,,,,,,,,,0,0,,,,,,,,,,,,,
1.033,,,,,,,,,0,0,,,,,,,,,,,,,
1.064,,,,,,,,,0,0,,,,,,,,,,,,,
1.096,,,,,,,,,0,0,,,,,,,,,,,,,
1.132,,,,,,,,,0,0,,,,,,,,,,,,,
1.164,,,,,,,,,0,0,,,,,,,,,,,,,
1.195,,,,,,,,,0,0,,,,,,,,,,,,,
1.225,,,,,,,,,0,0,,,,,,,,,,,,,
1.259,,,,,,,,,0,0,,,,,,,,,,,,,
1.292,,,,,,,,,0,0,,,,,,,,,,,,,
1.322,,,,,,,,,0,0,,,,,,,,,,,,,
1.391,,,,,,,,,0,0,,,,,,,,,,,,,
1.451,,,,,,,,,0,0,,,,,,,,,,,,,
1.501,,,,,,,,,0,0,,,,,,,,,,,,,
1.517,,,,,,,,,0,0,,,,,,,,,,,,,
1.564,,,,,,,,,0,0,,,,,,,,,,,,,
1.578,,,,,,,,,0,0,,,,,,,,,,,,,
1.626,,,,,,,,,0,0,,,,,,,,,,,,,
1.647,,,,,,,,,0,0,,,,,,,,,,,,,
1.692,,,,,,,,,0,0,,,,,,,,,,,,,
1.708,,,,,,,,,0,0,,,,,,,,,,,,,
1.738,,,,,,,,,0,0,,,,,,,,,,,,,
1.758,,,,,,,,,0,0,,,,,,,,,,,,,
1.803,,,,,,,,,0,0,,,,,,,,,,,,,
1.866,,,,,,,,,0,0,,,,,,,,,,,,,
1.885,,,,,,,,,0,0,,,,,,,,,,,,,
1.929,,,,,,,,,0,0,,,,,,,,,,,,,
1.948,,,,,,,,,0,0,,,,,,,,,,,,,
1.994,,,,,,,,,0,0,,,,,,,,,,,,,
2.015,,,,,,,,,0,0,,,,,,,,,,,,,
2.041,,,,,,,,,0,0,,,,,,,,,,,,,
2.058,,,,,,,,,0,0,,,,,,,,,,,,,
2.105,,,,,,,,,0,0,,,,,,,,,,,,,
2.171,,,,,,,,,0,0,,,,,,,,,,,,,
2.194,,,,,,,,,0,0,,,,,,,,,,,,,
2.235,,,,,,,,,0,0,,,,,,,,,,,,,
2.253,,,,,,,,,0,0,,,,,,,,,,,,,
2.280,,,,,,,,,0,0,,,,,,,,,,,,,
2.300,,,,,,,,,0,0,,,,,,,,,,,,,
2.345,,,,,,,,,0,0,,,,,,,,,,,,,
2.411,,,,,,,,,0,0,,,,,,,,,,,,,
2.434,,,,,,,,,0,0,,,,,,,,,,,,,
2.476,,,,,,,,,0,0,,,,,,,,,,,,,
2.492,,,,,,,,,0,0,,,,,,,,,,,,,
2.522,,,,,,,,,0,0,,,,,,,,,,,,,
2.541,,,,,,,,,0,0,,,,,,,,,,,,,
2.590,,,,,,,,,0,0,,,,,,,,,,,,,
2.610,,,,,,,,,0,0,,,,,,,,,,,,,
2.651,,,,,,,,,0,0,,,,,,,,,,,,,
2.715,,,,,,,,,0,0,,,,,,,,,,,,,
2.731,,,,,,,,,0,0,,,,,,,,,,,,,
2.762,,,,,,,,,0,0,,,,,,,,,,,,,
2.782,,,,,,,,,0,0,,,,,,,,,,,,,
2.825,,,,,,,,,0,0,,,,,,,,,,,,,
2.843,,,,,,,,,0,0,,,,,,,,,,,,,
2.892,,,,,,,,,0,0,,,,,,,,,,,,,
2.915,,,,,,,,,0,0,,,,,,,,,,,,,
2.956,,,,,,,,,0,0,,,,,,,,,,,,,
2.973,,,,,,,,,0,0,,,,,,,,,,,,,
3.001,,,,,,,,,0,0,,,,,,,,,,,,,
3.066,,,,,,,,,0,0,,,,,,,,,,,,,
3.085,,,,,,,,,0,0,,,,,,,,,,,,,
3.132,,,,,,,,,0,0,,,,,,,,,,,,,
3.153,,,,,,,,,0,0,,,,,,,,,,,,,
3.195,,,,,,,,,0,0,,,,,,,,,,,,,
3.210,,,,,,,,,0,0,,,,,,,,,,,,,
3.241,,,,,,,,,0,0,,,,,,,,,,,,,
3.260,,,,,,,,,0,0,,,,,,,,,,,,,
3.306,,,,,,,,,0,0,,,,,,,,,,,,,
3.373,,,,,,,,,0,0,,,,,,,,,,,,,
3.394,,,,,,,,,0,0,,,,,,,,,,,,,
3.433,,,,,,,,,0,0,,,,,,,,,,,,,
3.453,,,,,,,,,0,0,,,,,,,,,,,,,
3.482,,,,,,,,,0,0,,,,,,,,,,,,,
3.499,,,,,,,,,0,0,,,,,,,,,,,,,
3.547,,,,,,,,,0,0,,,,,,,,,,,,,
3.613,,,,,,,,,0,0,,,,,,,,,,,,,
3.632,,,,,,,,,0,0,,,,,,,,,,,,,
3.677,,,,,,,,,0,0,,,,,,,,,,,,,
3.695,,,,,,,,,0,0,,,,,,,,,,,,,
3.741,,,,,,,,,0,0,,,,,,,,,,,,,
3.756,,,,,,,,,0,0,,,,,,,,,,,,,
3.785,,,,,,,,,0,0,,,,,,,,,,,,,
3.805,,,,,,,,,0,0,,,,,,,,,,,,,
3.850,,,,,,,,,0,0,,,,,,,,,,,,,
3.916,,,,,,,,,0,0,,,,,,,,,,,,,
3.931,,,,,,,,,0,0,,,,,,,,,,,,,
3.979,,,,,,,,,0,0,,,,,,,,,,,,,
3.999,,,,,,,,,0,0,,,,,,,,,,,,,
4.027,,,,,,,,,0,0,,,,,,,,,,,,,
4.044,,,,,,,,,0,0,,,,,,,,,,,,,
4.092,,,,,,,,,0,0,,,,,,,,,,,,,
4.109,,,,,,,,,0,0,,,,,,,,,,,,,
4.157,,,,,,,,,0,0,,,,,,,,,,,,,
4.173,,,,,,,,,0,0,,,,,,,,,,,,,
4.217,,,,,,,,,0,0,,,,,,,,,,,,,
4.266,,,,,,,,,0,0,,,,,,,,,,,,,
4.287,,,,,,,,,0,0,,,,,,,,,,,,,
4.330,,,,,,,,,0,0,,,,,,,,,,,,,
4.351,,,,,,,,,0,0,,,,,,,,,,,,,
4.396,,,,,,,,,0,0,,,,,,,,,,,,,
4.414,,,,,,,,,0,0,,,,,,,,,,,,,
4.456,,,,,,,,,0,0,,,,,,,,,,,,,
4.472,,,,,,,,,0,0,,,,,,,,,,,,,
4.505,,,,,,,,,0,0,,,,,,,,,,,,,
4.523,,,,,,,,,0,0,,,,,,,,,,,,,
4.569,,,,,,,,,0,0,,,,,,,,,,,,,
4.634,,,,,,,,,0,0,,,,,,,,,,,,,
4.654,,,,,,,,,0,0,,,,,,,,,,,,,
4.700,,,,,,,,,0,0,,,,,,,,,,,,,
4.718,,,,,,,,,0,0,,,,,,,,,,,,,
4.745,,,,,,,,,0,0,,,,,,,,,,,,,
4.761,,,,,,,,,0,0,,,,,,,,,,,,,
4.810,,,,,,,,,0,0,,,,,,,,,,,,,
4.877,,,,,,,,,0,0,,,,,,,,,,,,,
4.896,,,,,,,,,0,0,,,,,,,,,,,,,
4.939,,,,,,,,,0,0,,,,,,,,,,,,,
4.954,,,,,,,,,0,0,,,,,,,,,,,,,
4.986,,,,,,,,,0,0,,,,,,,,,,,,,
5.002,,,,,,,,,0,0,,,,,,,,,,,,,
5.049,,,,,,,,,0,0,,,,,,,,,,,,,
5.116,,,,,,,,,0,0,,,,,,,,,,,,,
5.136,,,,,,,,,0,0,,,,,,,,,,,,,
5.178,,,,,,,,,0,0,,,,,,,,,,,,,
5.194,,,,,,,,,0,0,,,,,,,,,,,,,
5.243,,,,,,,,,0,0,,,,,,,,,,,,,
5.261,,,,,,,,,0,0,,,,,,,,,,,,,
5.289,,,,,,,,,0,0,,,,,,,,,,,,,
5.308,,,,,,,,,0,0,,,,,,,,,,,,,
5.356,,,,,,,,,0,0,,,,,,,,,,,,,
5.373,,,,,,,,,0,0,,,,,,,,,,,,,
5.420,,,,,,,,,0,0,,,,,,,,,,,,,
5.483,,,,,,,,,0,0,,,,,,,,,,,,,
5.500,,,,,,,,,0,0,,,,,,,,,,,,,
5.530,,,,,,,,,0,0,,,,,,,,,,,,,
5.549,,,,,,,,,0,0,,,,,,,,,,,,,
5.595,,,,,,,,,0,0,,,,,,,,,,,,,
5.612,,,,,,,,,0,0,,,,,,,,,,,,,
5.659,,,,,,,,,0,0,,,,,,,,,,,,,
5.672,,,,,,,,,0,0,,,,,,,,,,,,,
5.726,,,,,,,,,0,0,,,,,,,,,,,,,
5.745,,,,,,,,,0,0,,,,,,,,,,,,,
5.772,,,,,,,,,0,0,,,,,,,,,,,,,
5.786,,,,,,,,,0,0,,,,,,,,,,,,,
5.836,,,,,,,,,0,0,,,,,,,,,,,,,
5.897,,,,,,,,,0,0,,,,,,,,,,,,,
5.916,,,,,,,,,0,0,,,,,,,,,,,,,
5.963,,,,,,,,,0,0,,,,,,,,,,,,,
5.977,,,,,,,,,0,0,,,,,,,,,,,,,
6.009,,,,,,,,,0,0,,,,,,,,,,,,,
6.025,,,,,,,,,0,0,,,,,,,,,,,,,
6.073,,,,,,,,,0,0,,,,,,,,,,,,,
6.138,,,,,,,,,0,0,,,,,,,,,,,,,
6.161,,,,,,,,,0,0,,,,,,,,,,,,,
6.204,,,,,,,,,0,0,,,,,,,,,,,,,
6.221,,,,,,,,,0,0,,,,,,,,,,,,,
6.250,,,,,,,,,0,0,,,,,,,,,,,,,
6.269,,,,,,,,,0,0,,,,,,,,,,,,,
6.316,,,,,,,,,0,0,,,,,,,,,,,,,
6.378,,,,,,,,,0,0,,,,,,,,,,,,,
6.397,,,,,,,,,0,0,,,,,,,,,,,,,
6.442,,,,,,,,,0,0,,,,,,,,,,,,,
6.458,,,,,,,,,0,0,,,,,,,,,,,,,
6.490,,,,,,,,,0,0,,,,,,,,,,,,,
6.508,,,,,,,,,0,0,,,,,,,,,,,,,
6.554,,,,,,,,,0,0,,,,,,,,,,,,,
6.572,,,,,,,,,0,0,,,,,,,,,,,,,
6.618,,,,,,,,,0,0,,,,,,,,,,,,,
6.688,,,,,,,,,0,0,,,,,,,,,,,,,
6.704,,,,,,,,,0,0,,,,,,,,,,,,,
6.731,,,,,,,,,0,0,,,,,,,,,,,,,
6.745,,,,,,,,,0,0,,,,,,,,,,,,,
6.793,,,,,,,,,0,0,,,,,,,,,,,,,
6.811,,,,,,,,,0,0,,,,,,,,,,,,,
6.858,,,,,,,,,0,0,,,,,,,,,,,,,
6.875,,,,,,,,,0,0,,,,,,,,,,,,,
6.924,,,,,,,,,0,0,,,,,,,,,,,,,
6.940,,,,,,,,,0,0,,,,,,,,,,,,,
6.986,,,,,,,,,0,0,,,,,,,,,,,,,
7.003,,,,,,,,,0,0,,,,,,,,,,,,,
7.034,,,,,,,,,0,0,,,,,,,,,,,,,
7.100,,,,,,,,,0,0,,,,,,,,,,,,,
7.122,,,,,,,,,0,0,,,,,,,,,,,,,
7.162,,,,,,,,,0,0,,,,,,,,,,,,,
7.179,,,,,,,,,0,0,,,,,,,,,,,,,
7.228,,,,,,,,,0,0,,,,,,,,,,,,,
7.242,,,,,,,,,0,0,,,,,,,,,,,,,
7.274,,,,,,,,,0,0,,,,,,,,,,,,,
7.291,,,,,,,,,0,0,,,,,,,,,,,,,
7.337,,,,,,,,,0,0,,,,,,,,,,,,,
7.403,,,,,,,,,0,0,,,,,,,,,,,,,
7.423,,,,,,,,,0,0,,,,,,,,,,,,,
7.467,,,,,,,,,0,0,,,,,,,,,,,,,
7.482,,,,,,,,,0,0,,,,,,,,,,,,,
7.514,,,,,,,,,0,0,,,,,,,,,,,,,
7.531,,,,,,,,,0,0,,,,,,,,,,,,,
7.577,,,,,,,,,0,0,,,,,,,,,,,,,
7.641,,,,,,,,,0,0,,,,,,,,,,,,,
7.661,,,,,,,,,0,0,,,,,,,,,,,,,
7.712,,,,,,,,,0,0,,,,,,,,,,,,,
7.727,,,,,,,,,0,0,,,,,,,,,,,,,
7.753,,,,,,,,,0,0,,,,,,,,,,,,,
7.769,,,,,,,,,0,0,,,,,,,,,,,,,
7.819,,,,,,,,,0,0,,,,,,,,,,,,,
7.884,,,,,,,,,0,0,,,,,,,,,,,,,
7.898,,,,,,,,,0,0,,,,,,,,,,,,,
7.948,,,,,,,,,0,0,,,,,,,,,,,,,
7.965,,,,,,,,,0,0,,,,,,,,,,,,,
7.996,,,,,,,,,0,0,,,,,,,,,,,,,
8.012,,,,,,,,,0,0,,,,,,,,,,,,,
8.058,,,,,,,,,0,0,,,,,,,,,,,,,
8.075,,,,,,,,,0,0,,,,,,,,,,,,,
8.125,,,,,,,,,0,0,,,,,,,,,,,,,
8.143,,,,,,,,,0,0,,,,,,,,,,,,,
8.187,,,,,,,,,0,0,,,,,,,,,,,,,
8.202,,,,,,,,,0,0,,,,,,,,,,,,,
8.238,,,,,,,,,0,0,,,,,,,,,,,,,
8.300,,,,,,,,,0,0,,,,,,,,,,,,,
8.320,,,,,,,,,0,0,,,,,,,,,,,,,
8.362,,,,,,,,,0,0,,,,,,,,,,,,,
8.381,,,,,,,,,0,0,,,,,,,,,,,,,
8.426,,,,,,,,,0,0,,,,,,,,,,,,,
8.443,,,,,,,,,0,0,,,,,,,,,,,,,
8.476,,,,,,,,,0,0,,,,,,,,,,,,,
8.492,,,,,,,,,0,0,,,,,,,,,,,,,
8.538,,,,,,,,,0,0,,,,,,,,,,,,,
8.558,,,,,,,,,0,0,,,,,,,,,,,,,
8.602,,,,,,,,,0,0,,,,,,,,,,,,,
8.667,,,,,,,,,0,0,,,,,,,,,,,,,
8.691,,,,,,,,,0,0,,,,,,,,,,,,,
8.732,,,,,,,,,0,0,,,,,,,,,,,,,
8.748,,,,,,,,,0,0,,,,,,,,,,,,,
8.777,,,,,,,,,0,0,,,,,,,,,,,,,
8.797,,,,,,,,,0,0,,,,,,,,,,,,,
8.846,,,,,,,,,0,0,,,,,,,,,,,,,
8.907,,,,,,,,,0,0,,,,,,,,,,,,,
8.931,,,,,,,,,0,0,,,,,,,,,,,,,
8.970,,,,,,,,,0,0,,,,,,,,,,,,,
8.990,,,,,,,,,0,0,,,,,,,,,,,,,
9.017,,,,,,,,,0,0,,,,,,,,,,,,,
9.037,,,,,,,,,0,0,,,,,,,,,,,,,
9.081,,,,,,,,,0,0,,,,,,,,,,,,,
9.147,,,,,,,,,0,0,,,,,,,,,,,,,
9.169,,,,,,,,,0,0,,,,,,,,,,,,,
9.212,,,,,,,,,0,0,,,,,,,,,,,,,
9.227,,,,,,,,,0,0,,,,,,,,,,,,,
9.259,,,,,,,,,0,0,,,,,,,,,,,,,
9.277,,,,,,,,,0,0,,,,,,,,,,,,,
9.322,,,,,,,,,0,0,,,,,,,,,,,,,
9.342,,,,,,,,,0,0,,,,,,,,,,,,,
9.386,,,,,,,,,0,0,,,,,,,,,,,,,
9.403,,,,,,,,,0,0,,,,,,,,,,,,,
9.450,,,,,,,,,0,0,,,,,,,,,,,,,
9.496,,,,,,,,,0,0,,,,,,,,,,,,,
9.518,,,,,,,,,0,0,,,,,,,,,,,,,
9.562,,,,,,,,,0,0,,,,,,,,,,,,,
9.581,,,,,,,,,0,0,,,,,,,,,,,,,
9.628,,,,,,,,,0,0,,,,,,,,,,,,,
9.643,,,,,,,,,0,0,,,,,,,,,,,,,
9.692,,,,,,,,,0,0,,,,,,,,,,,,,
9.711,,,,,,,,,0,0,,,,,,,,,,,,,
9.739,,,,,,,,,0,0,,,,,,,,,,,,,
9.755,,,,,,,,,0,0,,,,,,,,,,,,,
9.806,,,,,,,,,0,0,,,,,,,,,,,,,
9.868,,,,,,,,,0,0,,,,,,,,,,,,,
9.886,,,,,,,,,0,0,,,,,,,,,,,,,
9.930,,,,,,,,,0,0,,,,,,,,,,,,,
9.946,,,,,,,,,0,0,,,,,,,,,,,,,
9.977,,,,,,,,,0,0,,,,,,,,,,,,,
9.996,,,,,,,,,0,0,,,,,,,,,,,,,
10.041,,,,,,,,,0,0,,,,,,,,,,,,,
10.108,,,,,,,,,0,0,,,,,,,,,,,,,
10.130,,,,,,,,,0,0,,,,,,,,,,,,,
10.169,,,,,,,,,0,0,,,,,,,,,,,,,
10.186,,,,,,,,,0,0,,,,,,,,,,,,,
10.234,,,,,,,,,0,0,,,,,,,,,,,,,
10.252,,,,,,,,,0,0,,,,,,,,,,,,,
10.282,,,,,,,,,0,0,,,,,,,,,,,,,
10.300,,,,,,,,,0,0,,,,,,,,,,,,,
10.348,,,,,,,,,0,0,,,,,,,,,,,,,
10.412,,,,,,,,,0,0,,,,,,,,,,,,,
10.429,,,,,,,,,0,0,,,,,,,,,,,,,
10.475,,,,,,,,,0,0,,,,,,,,,,,,,
10.491,,,,,,,,,0,0,,,,,,,,,,,,,
10.522,,,,,,,,,0,0,,,,,,,,,,,,,
10.541,,,,,,,,,0,0,,,,,,,,,,,,,
10.587,,,,,,,,,0,0,,,,,,,,,,,,,
10.609,,,,,,,,,0,0,,,,,,,,,,,,,
10.652,,,,,,,,,0,0,,,,,,,,,,,,,
10.713,,,,,,,,,0,0,,,,,,,,,,,,,
10.733,,,,,,,,,0,0,,,,,,,,,,,,,
10.764,,,,,,,,,0,0,,,,,,,,,,,,,
10.779,,,,,,,,,0,0,,,,,,,,,,,,,
10.828,,,,,,,,,0,0,,,,,,,,,,,,,
10.843,,,,,,,,,0,0,,,,,,,,,,,,,
10.890,,,,,,,,,0,0,,,,,,,,,,,,,
10.908,,,,,,,,,0,0,,,,,,,,,,,,,
10.956,,,,,,,,,0,0,,,,,,,,,,,,,
10.974,,,,,,,,,0,0,,,,,,,,,,,,,
11.004,,,,,,,,,0,0,,,,,,,,,,,,,
11.067,,,,,,,,,0,0,,,,,,,,,,,,,
11.088,,,,,,,,,0,0,,,,,,,,,,,,,
11.130,,,,,,,,,0,0,,,,,,,,,,,,,
11.150,,,,,,,,,0,0,,,,,,,,,,,,,
11.193,,,,,,,,,0,0,,,,,,,,,,,,,
11.214,,,,,,,,,0,0,,,,,,,,,,,,,
11.244,,,,,,,,,0,0,,,,,,,,,,,,,
11.258,,,,,,,,,0,0,,,,,,,,,,,,,
11.307,,,,,,,,,0,0,,,,,,,,,,,,,
11.370,,,,,,,,,0,0,,,,,,,,,,,,,
11.391,,,,,,,,,0,0,,,,,,,,,,,,,
11.435,,,,,,,,,0,0,,,,,,,,,,,,,
11.454,,,,,,,,,0,0,,,,,,,,,,,,,
11.484,,,,,,,,,0,0,,,,,,,,,,,,,
11.503,,,,,,,,,0,0,,,,,,,,,,,,,
11.545,,,,,,,,,0,0,,,,,,,,,,,,,
11.612,,,,,,,,,0,0,,,,,,,,,,,,,
11.632,,,,,,,,,0,0,,,,,,,,,,,,,
11.675,,,,,,,,,0,0,,,,,,,,,,,,,
11.693,,,,,,,,,0,0,,,,,,,,,,,,,
11.722,,,,,,,,,0,0,,,,,,,,,,,,,
11.741,,,,,,,,,0,0,,,,,,,,,,,,,
11.787,,,,,,,,,0,0,,,,,,,,,,,,,
11.807,,,,,,,,,0,0,,,,,,,,,,,,,
11.849,,,,,,,,,0,0,,,,,,,,,,,,,
11.918,,,,,,,,,0,0,,,,,,,,,,,,,
11.935,,,,,,,,,0,0,,,,,,,,,,,,,
11.976,,,,,,,,,0,0,,,,,,,,,,,,,
11.994,,,,,,,,,0,0,,,,,,,,,,,,,
12.026,,,,,,,,,0,0,,,,,,,,,,,,,
12.045,,,,,,,,,0,0,,,,,,,,,,,,,
12.089,,,,,,,,,0,0,,,,,,,,,,,,,
12.107,,,,,,,,,0,0,,,,,,,,,,,,,
12.154,,,,,,,,,0,0,,,,,,,,,,,,,
12.175,,,,,,,,,0,0,,,,,,,,,,,,,
12.222,,,,,,,,,0,0,,,,,,,,,,,,,
12.265,,,,,,,,,0,0,,,,,,,,,,,,,
12.290,,,,,,,,,0,0,,,,,,,,,,,,,
12.328,,,,,,,,,0,0,,,,,,,,,,,,,
12.346,,,,,,,,,0,0,,,,,,,,,,,,,
12.394,,,,,,,,,0,0,,,,,,,,,,,,,
12.415,,,,,,,,,0,0,,,,,,,,,,,,,
12.460,,,,,,,,,0,0,,,,,,,,,,,,,
12.475,,,,,,,,,0,0,,,,,,,,,,,,,
12.505,,,,,,,,,0,0,,,,,,,,,,,,,
12.524,,,,,,,,,0,0,,,,,,,,,,,,,
12.571,,,,,,,,,0,0,,,,,,,,,,,,,
12.635,,,,,,,,,0,0,,,,,,,,,,,,,
12.666,,,,,,,,,0,0,,,,,,,,,,,,,
12.696,,,,,,,,,0,0,,,,,,,,,,,,,
12.714,,,,,,,,,0,0,,,,,,,,,,,,,
12.746,,,,,,,,,0,0,,,,,,,,,,,,,
12.761,,,,,,,,,0,0,,,,,,,,,,,,,
12.815,,,,,,,,,0,0,,,,,,,,,,,,,
12.875,,,,,,,,,0,0,,,,,,,,,,,,,
12.895,,,,,,,,,0,0,,,,,,,,,,,,,
12.939,,,,,,,,,0,0,,,,,,,,,,,,,
12.956,,,,,,,,,0,0,,,,,,,,,,,,,
12.985,,,,,,,,,0,0,,,,,,,,,,,,,
13.001,,,,,,,,,0,0,,,,,,,,,,,,,
13.052,,,,,,,,,0,0,,,,,,,,,,,,,
13.115,,,,,,,,,0,0,,,,,,,,,,,,,
13.135,,,,,,,,,0,0,,,,,,,,,,,,,
13.179,,,,,,,,,0,0,,,,,,,,,,,,,
13.196,,,,,,,,,0,0,,,,,,,,,,,,,
13.228,,,,,,,,,0,0,,,,,,,,,,,,,
13.241,,,,,,,,,0,0,,,,,,,,,,,,,
13.290,,,,,,,,,0,0,,,,,,,,,,,,,
13.309,,,,,,,,,0,0,,,,,,,,,,,,,
13.354,,,,,,,,,0,0,,,,,,,,,,,,,
13.370,,,,,,,,,0,0,,,,,,,,,,,,,
13.416,,,,,,,,,0,0,,,,,,,,,,,,,
13.481,,,,,,,,,0,0,,,,,,,,,,,,,
13.500,,,,,,,,,0,0,,,,,,,,,,,,,
13.534,,,,,,,,,0,0,,,,,,,,,,,,,
13.548,,,,,,,,,0,0,,,,,,,,,,,,,
13.595,,,,,,,,,0,0,,,,,,,,,,,,,
13.612,,,,,,,,,0,0,,,,,,,,,,,,,
13.656,,,,,,,,,0,0,,,,,,,,,,,,,
13.675,,,,,,,,,0,0,,,,,,,,,,,,,
13.723,,,,,,,,,0,0,,,,,,,,,,,,,
13.739,,,,,,,,,0,0,,,,,,,,,,,,,
13.770,,,,,,,,,0,0,,,,,,,,,,,,,
13.789,,,,,,,,,0,0,,,,,,,,,,,,,
13.836,,,,,,,,,0,0,,,,,,,,,,,,,
13.898,,,,,,,,,0,0,,,,,,,,,,,,,
13.918,,,,,,,,,0,0,,,,,,,,,,,,,
13.964,,,,,,,,,0,0,,,,,,,,,,,,,
13.980,,,,,,,,,0,0,,,,,,,,,,,,,
14.013,,,,,,,,,0,0,,,,,,,,,,,,,
14.030,,,,,,,,,0,0,,,,,,,,,,,,,
14.073,,,,,,,,,0,0,,,,,,,,,,,,,
14.141,,,,,,,,,0,0,,,,,,,,,,,,,
14.156,,,,,,,,,0,0,,,,,,,,,,,,,
14.201,,,,,,,,,0,0,,,,,,,,,,,,,
14.220,,,,,,,,,0,0,,,,,,,,,,,,,
14.254,,,,,,,,,0,0,,,,,,,,,,,,,
14.270,,,,,,,,,0,0,,,,,,,,,,,,,
14.316,,,,,,,,,0,0,,,,,,,,,,,,,
14.379,,,,,,,,,0,0,,,,,,,,,,,,,
14.401,,,,,,,,,0,0,,,,,,,,,,,,,
14.441,,,,,,,,,0,0,,,,,,,,,,,,,
14.460,,,,,,,,,0,0,,,,,,,,,,,,,
14.490,,,,,,,,,0,0,,,,,,,,,,,,,
14.510,,,,,,,,,0,0,,,,,,,,,,,,,
14.557,,,,,,,,,0,0,,,,,,,,,,,,,
14.574,,,,,,,,,0,0,,,,,,,,,,,,,
14.618,,,,,,,,,0,0,,,,,,,,,,,,,
14.688,,,,,,,,,0,0,,,,,,,,,,,,,
14.703,,,,,,,,,0,0,,,,,,,,,,,,,
14.730,,,,,,,,,0,0,,,,,,,,,,,,,
14.748,,,,,,,,,0,0,,,,,,,,,,,,,
14.794,,,,,,,,,0,0,,,,,,,,,,,,,
14.813,,,,,,,,,0,0,,,,,,,,,,,,,
14.857,,,,,,,,,0,0,,,,,,,,,,,,,
14.875,,,,,,,,,0,0,,,,,,,,,,,,,
14.924,,,,,,,,,0,0,,,,,,,,,,,,,
14.940,,,,,,,,,0,0,,,,,,,,,,,,,
14.972,,,,,,,,,0,0,,,,,,,,,,,,,
14.988,,,,,,,,,0,0,,,,,,,,,,,,,
15.036,,,,,,,,,0,0,,,,,,,,,,,,,
15.100,,,,,,,,,0,0,,,,,,,,,,,,,
15.124,,,,,,,,,0,0,,,,,,,,,,,,,
15.164,,,,,,,,,0,0,,,,,,,,,,,,,
15.179,,,,,,,,,0,0,,,,,,,,,,,,,
15.229,,,,,,,,,0,0,,,,,,,,,,,,,
15.242,,,,,,,,,0,0,,,,,,,,,,,,,
15.273,,,,,,,,,0,0,,,,,,,,,,,,,
15.292,,,,,,,,,0,0,,,,,,,,,,,,,
15.340,,,,,,,,,0,0,,,,,,,,,,,,,
15.404,,,,,,,,,0,0,,,,,,,,,,,,,
15.425,,,,,,,,,0,0,,,,,,,,,,,,,
15.470,,,,,,,,,0,0,,,,,,,,,,,,,
15.485,,,,,,,,,0,0,,,,,,,,,,,,,
15.516,,,,,,,,,0,0,,,,,,,,,,,,,
15.533,,,,,,,,,0,0,,,,,,,,,,,,,
15.577,,,,,,,,,0,0,,,,,,,,,,,,,
15.644,,,,,,,,,0,0,,,,,,,,,,,,,
15.659,,,,,,,,,0,0,,,,,,,,,,,,,
15.708,,,,,,,,,0,0,,,,,,,,,,,,,
15.723,,,,,,,,,0,0,,,,,,,,,,,,,
15.753,,,,,,,,,0,0,,,,,,,,,,,,,
15.770,,,,,,,,,0,0,,,,,,,,,,,,,
15.820,,,,,,,,,0,0,,,,,,,,,,,,,
15.882,,,,,,,,,0,0,,,,,,,,,,,,,
15.901,,,,,,,,,0,0,,,,,,,,,,,,,
15.946,,,,,,,,,0,0,,,,,,,,,,,,,
15.962,,,,,,,,,0,0,,,,,,,,,,,,,
15.994,,,,,,,,,0,0,,,,,,,,,,,,,
16.014,,,,,,,,,0,0,,,,,,,,,,,,,
16.057,,,,,,,,,0,0,,,,,,,,,,,,,
16.076,,,,,,,,,0,0,,,,,,,,,,,,,
16.123,,,,,,,,,0,0,,,,,,,,,,,,,
16.143,,,,,,,,,0,0,,,,,,,,,,,,,
16.188,,,,,,,,,0,0,,,,,,,,,,,,,
16.204,,,,,,,,,0,0,,,,,,,,,,,,,
16.233,,,,,,,,,0,0,,,,,,,,,,,,,
16.300,,,,,,,,,0,0,,,,,,,,,,,,,
16.323,,,,,,,,,0,0,,,,,,,,,,,,,
16.360,,,,,,,,,0,0,,,,,,,,,,,,,
16.379,,,,,,,,,0,0,,,,,,,,,,,,,
16.427,,,,,,,,,0,0,,,,,,,,,,,,,
16.443,,,,,,,,,0,0,,,,,,,,,,,,,
16.476,,,,,,,,,0,0,,,,,,,,,,,,,
16.490,,,,,,,,,0,0,,,,,,,,,,,,,
16.541,,,,,,,,,0,0,,,,,,,,,,,,,
16.604,,,,,,,,,0,0,,,,,,,,,,,,,
16.626,,,,,,,,,0,0,,,,,,,,,,,,,
16.666,,,,,,,,,0,0,,,,,,,,,,,,,
16.684,,,,,,,,,0,0,,,,,,,,,,,,,
16.731,,,,,,,,,0,0,,,,,,,,,,,,,
16.749,,,,,,,,,0,0,,,,,,,,,,,,,
16.778,,,,,,,,,0,0,,,,,,,,,,,,,
16.798,,,,,,,,,0,0,,,,,,,,,,,,,
16.843,,,,,,,,,0,0,,,,,,,,,,,,,
16.911,,,,,,,,,0,0,,,,,,,,,,,,,
16.928,,,,,,,,,0,0,,,,,,,,,,,,,
16.972,,,,,,,,,0,0,,,,,,,,,,,,,
16.988,,,,,,,,,0,0,,,,,,,,,,,,,
17.018,,,,,,,,,0,0,,,,,,,,,,,,,
17.035,,,,,,,,,0,0,,,,,,,,,,,,,
17.082,,,,,,,,,0,0,,,,,,,,,,,,,
17.147,,,,,,,,,0,0,,,,,,,,,,,,,
17.167,,,,,,,,,0,0,,,,,,,,,,,,,
17.212,,,,,,,,,0,0,,,,,,,,,,,,,
17.230,,,,,,,,,0,0,,,,,,,,,,,,,
17.260,,,,,,,,,0,0,,,,,,,,,,,,,
17.276,,,,,,,,,0,0,,,,,,,,,,,,,
17.325,,,,,,,,,0,0,,,,,,,,,,,,,
17.343,,,,,,,,,0,0,,,,,,,,,,,,,
17.386,,,,,,,,,0,0,,,,,,,,,,,,,
17.404,,,,,,,,,0,0,,,,,,,,,,,,,
17.452,,,,,,,,,0,0,,,,,,,,,,,,,
17.498,,,,,,,,,0,0,,,,,,,,,,,,,
17.517,,,,,,,,,0,0,,,,,,,,,,,,,
17.563,,,,,,,,,0,0,,,,,,,,,,,,,
17.580,,,,,,,,,0,0,,,,,,,,,,,,,
17.628,,,,,,,,,0,0,,,,,,,,,,,,,
17.643,,,,,,,,,0,0,,,,,,,,,,,,,
17.691,,,,,,,,,0,0,,,,,,,,,,,,,
17.707,,,,,,,,,0,0,,,,,,,,,,,,,
17.737,,,,,,,,,0,0,,,,,,,,,,,,,
17.757,,,,,,,,,0,0,,,,,,,,,,,,,
17.802,,,,,,,,,0,0,,,,,,,,,,,,,
17.868,,,,,,,,,0,0,,,,,,,,,,,,,
17.888,,,,,,,,,0,0,,,,,,,,,,,,,
17.931,,,,,,,,,0,0,,,,,,,,,,,,,
17.950,,,,,,,,,0,0,,,,,,,,,,,,,
17.980,,,,,,,,,0,0,,,,,,,,,,,,,
17.998,,,,,,,,,0,0,,,,,,,,,,,,,
18.042,,,,,,,,,0,0,,,,,,,,,,,,,
18.107,,,,,,,,,0,0,,,,,,,,,,,,,
18.126,,,,,,,,,0,0,,,,,,,,,,,,,
18.171,,,,,,,,,0,0,,,,,,,,,,,,,
18.186,,,,,,,,,0,0,,,,,,,,,,,,,
18.220,,,,,,,,,0,0,,,,,,,,,,,,,
18.237,,,,,,,,,0,0,,,,,,,,,,,,,
18.282,,,,,,,,,0,0,,,,,,,,,,,,,
18.349,,,,,,,,,0,0,,,,,,,,,,,,,
18.368,,,,,,,,,0,0,,,,,,,,,,,,,
18.410,,,,,,,,,0,0,,,,,,,,,,,,,
18.428,,,,,,,,,0,0,,,,,,,,,,,,,
18.474,,,,,,,,,0,0,,,,,,,,,,,,,
18.491,,,,,,,,,0,0,,,,,,,,,,,,,
18.524,,,,,,,,,0,0,,,,,,,,,,,,,
18.539,,,,,,,,,0,0,,,,,,,,,,,,,
18.589,,,,,,,,,0,0,,,,,,,,,,,,,
18.607,,,,,,,,,0,0,,,,,,,,,,,,,
18.651,,,,,,,,,0,0,,,,,,,,,,,,,
18.720,,,,,,,,,0,0,,,,,,,,,,,,,
18.737,,,,,,,,,0,0,,,,,,,,,,,,,
18.763,,,,,,,,,0,0,,,,,,,,,,,,,
18.781,,,,,,,,,0,0,,,,,,,,,,,,,
18.828,,,,,,,,,0,0,,,,,,,,,,,,,
18.844,,,,,,,,,0,0,,,,,,,,,,,,,
18.891,,,,,,,,,0,0,,,,,,,,,,,,,
18.908,,,,,,,,,0,0,,,,,,,,,,,,,
18.954,,,,,,,,,0,0,,,,,,,,,,,,,
18.972,,,,,,,,,0,0,,,,,,,,,,,,,
19.002,,,,,,,,,0,0,,,,,,,,,,,,,
19.066,,,,,,,,,0,0,,,,,,,,,,,,,
19.084,,,,,,,,,0,0,,,,,,,,,,,,,
19.129,,,,,,,,,0,0,,,,,,,,,,,,,
19.149,,,,,,,,,0,0,,,,,,,,,,,,,
19.194,,,,,,,,,0,0,,,,,,,,,,,,,
19.212,,,,,,,,,0,0,,,,,,,,,,,,,
19.243,,,,,,,,,0,0,,,,,,,,,,,,,
19.258,,,,,,,,,0,0,,,,,,,,,,,,,
19.306,,,,,,,,,0,0,,,,,,,,,,,,,
19.373,,,,,,,,,0,0,,,,,,,,,,,,,
19.390,,,,,,,,,0,0,,,,,,,,,,,,,
19.434,,,,,,,,,0,0,,,,,,,,,,,,,
19.454,,,,,,,,,0,0,,,,,,,,,,,,,
19.483,,,,,,,,,0,0,,,,,,,,,,,,,
19.499,,,,,,,,,0,0,,,,,,,,,,,,,
19.548,,,,,,,,,0,0,,,,,,,,,,,,,
19.609,,,,,,,,,0,0,,,,,,,,,,,,,
19.630,,,,,,,,,0,0,,,,,,,,,,,,,
19.674,,,,,,,,,0,0,,,,,,,,,,,,,
19.693,,,,,,,,,0,0,,,,,,,,,,,,,
19.721,,,,,,,,,0,0,,,,,,,,,,,,,
19.740,,,,,,,,,0,0,,,,,,,,,,,,,
19.787,,,,,,,,,0,0,,,,,,,,,,,,,
19.805,,,,,,,,,0,0,,,,,,,,,,,,,
19.852,,,,,,,,,0,0,,,,,,,,,,,,,
19.914,,,,,,,,,0,0,,,,,,,,,,,,,
19.938,,,,,,,,,0,0,,,,,,,,,,,,,
19.964,,,,,,,,,0,0,,,,,,,,,,,,,
19.982,,,,,,,,,0,0,,,,,,,,,,,,,
20.028,,,,,,,,,0,0,,,,,,,,,,,,,
20.044,,,,,,,,,0,0,,,,,,,,,,,,,
20.090,,,,,,,,,0,0,,,,,,,,,,,,,
20.109,,,,,,,,,0,0,,,,,,,,,,,,,
20.153,,,,,,,,,0,0,,,,,,,,,,,,,
20.172,,,,,,,,,0,0,,,,,,,,,,,,,
20.220,,,,,,,,,0,0,,,,,,,,,,,,,
20.266,,,,,,,,,0,0,,,,,,,,,,,,,
20.287,,,,,,,,,0,0,,,,,,,,,,,,,
20.331,,,,,,,,,0,0,,,,,,,,,,,,,
20.351,,,,,,,,,0,0,,,,,,,,,,,,,
20.396,,,,,,,,,0,0,,,,,,,,,,,,,
20.417,,,,,,,,,0,0,,,,,,,,,,,,,
20.458,,,,,,,,,0,0,,,,,,,,,,,,,
20.480,,,,,,,,,0,0,,,,,,,,,,,,,
20.506,,,,,,,,,0,0,,,,,,,,,,,,,
20.523,,,,,,,,,0,0,,,,,,,,,,,,,
20.570,,,,,,,,,0,0,,,,,,,,,,,,,
20.634,,,,,,,,,0,0,,,,,,,,,,,,,
20.653,,,,,,,,,0,0,,,,,,,,,,,,,
20.697,,,,,,,,,0,0,,,,,,,,,,,,,
20.718,,,,,,,,,0,0,,,,,,,,,,,,,
20.749,,,,,,,,,0,0,,,,,,,,,,,,,
20.764,,,,,,,,,0,0,,,,,,,,,,,,,
20.815,,,,,,,,,0,0,,,,,,,,,,,,,
20.875,,,,,,,,,0,0,,,,,,,,,,,,,
20.894,,,,,,,,,0,0,,,,,,,,,,,,,
20.940,,,,,,,,,0,0,,,,,,,,,,,,,
20.958,,,,,,,,,0,0,,,,,,,,,,,,,
20.989,,,,,,,,,0,0,,,,,,,,,,,,,
21.005,,,,,,,,,0,0,,,,,,,,,,,,,
21.054,,,,,,,,,0,0,,,,,,,,,,,,,
21.116,,,,,,,,,0,0,,,,,,,,,,,,,
21.141,,,,,,,,,0,0,,,,,,,,,,,,,
21.177,,,,,,,,,0,0,,,,,,,,,,,,,
21.195,,,,,,,,,0,0,,,,,,,,,,,,,
21.228,,,,,,,,,0,0,,,,,,,,,,,,,
21.247,,,,,,,,,0,0,,,,,,,,,,,,,
21.291,,,,,,,,,0,0,,,,,,,,,,,,,
21.308,,,,,,,,,0,0,,,,,,,,,,,,,
21.355,,,,,,,,,0,0,,,,,,,,,,,,,
21.372,,,,,,,,,0,0,,,,,,,,,,,,,
21.422,,,,,,,,,0,0,,,,,,,,,,,,,
21.466,,,,,,,,,0,0,,,,,,,,,,,,,
21.486,,,,,,,,,0,0,,,,,,,,,,,,,
21.529,,,,,,,,,0,0,,,,,,,,,,,,,
21.549,,,,,,,,,0,0,,,,,,,,,,,,,
21.593,,,,,,,,,0,0,,,,,,,,,,,,,
21.614,,,,,,,,,0,0,,,,,,,,,,,,,
21.658,,,,,,,,,0,0,,,,,,,,,,,,,
21.677,,,,,,,,,0,0,,,,,,,,,,,,,
21.725,,,,,,,,,0,0,,,,,,,,,,,,,
21.742,,,,,,,,,0,0,,,,,,,,,,,,,
21.770,,,,,,,,,0,0,,,,,,,,,,,,,
21.788,,,,,,,,,0,0,,,,,,,,,,,,,
21.833,,,,,,,,,0,0,,,,,,,,,,,,,
21.898,,,,,,,,,0,0,,,,,,,,,,,,,
21.917,,,,,,,,,0,0,,,,,,,,,,,,,
21.964,,,,,,,,,0,0,,,,,,,,,,,,,
21.981,,,,,,,,,0,0,,,,,,,,,,,,,
22.011,,,,,,,,,0,0,,,,,,,,,,,,,
22.027,,,,,,,,,0,0,,,,,,,,,,,,,
22.076,,,,,,,,,0,0,,,,,,,,,,,,,
22.138,,,,,,,,,0,0,,,,,,,,,,,,,
22.158,,,,,,,,,0,0,,,,,,,,,,,,,
22.202,,,,,,,,,0,0,,,,,,,,,,,,,
22.223,,,,,,,,,0,0,,,,,,,,,,,,,
22.249,,,,,,,,,0,0,,,,,,,,,,,,,
22.269,,,,,,,,,0,0,,,,,,,,,,,,,
22.315,,,,,,,,,0,0,,,,,,,,,,,,,
22.379,,,,,,,,,0,0,,,,,,,,,,,,,
22.403,,,,,,,,,0,0,,,,,,,,,,,,,
22.444,,,,,,,,,0,0,,,,,,,,,,,,,
22.461,,,,,,,,,0,0,,,,,,,,,,,,,
22.490,,,,,,,,,0,0,,,,,,,,,,,,,
22.507,,,,,,,,,0,0,,,,,,,,,,,,,
22.552,,,,,,,,,0,0,,,,,,,,,,,,,
22.577,,,,,,,,,0,0,,,,,,,,,,,,,
22.617,,,,,,,,,0,0,,,,,,,,,,,,,
22.683,,,,,,,,,0,0,,,,,,,,,,,,,
22.701,,,,,,,,,0,0,,,,,,,,,,,,,
22.729,,,,,,,,,0,0,,,,,,,,,,,,,
22.747,,,,,,,,,0,0,,,,,,,,,,,,,
22.793,,,,,,,,,0,0,,,,,,,,,,,,,
22.810,,,,,,,,,0,0,,,,,,,,,,,,,
22.857,,,,,,,,,0,0,,,,,,,,,,,,,
22.878,,,,,,,,,0,0,,,,,,,,,,,,,
22.922,,,,,,,,,0,0,,,,,,,,,,,,,
22.939,,,,,,,,,0,0,,,,,,,,,,,,,
22.970,,,,,,,,,0,0,,,,,,,,,,,,,
22.988,,,,,,,,,0,0,,,,,,,,,,,,,
23.034,,,,,,,,,0,0,,,,,,,,,,,,,
23.099,,,,,,,,,0,0,,,,,,,,,,,,,
23.122,,,,,,,,,0,0,,,,,,,,,,,,,
23.162,,,,,,,,,0,0,,,,,,,,,,,,,
23.183,,,,,,,,,0,0,,,,,,,,,,,,,
23.211,,,,,,,,,0,0,,,,,,,,,,,,,
23.227,,,,,,,,,0,0,,,,,,,,,,,,,
23.275,,,,,,,,,0,0,,,,,,,,,,,,,
23.341,,,,,,,,,0,0,,,,,,,,,,,,,
23.359,,,,,,,,,0,0,,,,,,,,,,,,,
23.405,,,,,,,,,0,0,,,,,,,,,,,,,
23.420,,,,,,,,,0,0,,,,,,,,,,,,,
23.469,,,,,,,,,0,0,,,,,,,,,,,,,
23.485,,,,,,,,,0,0,,,,,,,,,,,,,
23.514,,,,,,,,,0,0,,,,,,,,,,,,,
23.530,,,,,,,,,0,0,,,,,,,,,,,,,
23.579,,,,,,,,,0,0,,,,,,,,,,,,,
23.641,,,,,,,,,0,0,,,,,,,,,,,,,
23.852,,,,,,,,,0,0,,,,,,,,,,,,,
23.871,,,,,,,,,0,0,,,,,,,,,,,,,
23.889,,,,,,,,,0,0,,,,,,,,,,,,,
23.906,,,,,,,,,0,0,,,,,,,,,,,,,
23.923,,,,,,,,,0,0,,,,,,,,,,,,,
23.945,,,,,,,,,0,0,,,,,,,,,,,,,
23.963,,,,,,,,,0,0,,,,,,,,,,,,,
23.993,,,,,,,,,0,0,,,,,,,,,,,,,
24.010,,,,,,,,,0,0,,,,,,,,,,,,,
24.059,,,,,,,,,0,0,,,,,,,,,,,,,
24.076,,,,,,,,,0,0,,,,,,,,,,,,,
24.122,,,,,,,,,0,0,,,,,,,,,,,,,
24.140,,,,,,,,,0,0,,,,,,,,,,,,,
24.185,,,,,,,,,0,0,,,,,,,,,,,,,
24.206,,,,,,,,,0,0,,,,,,,,,,,,,
24.233,,,,,,,,,0,0,,,,,,,,,,,,,
24.300,,,,,,,,,0,0,,,,,,,,,,,,,
24.320,,,,,,,,,0,0,,,,,,,,,,,,,
24.362,,,,,,,,,0,0,,,,,,,,,,,,,
24.381,,,,,,,,,0,0,,,,,,,,,,,,,
24.427,,,,,,,,,0,0,,,,,,,,,,,,,
24.442,,,,,,,,,0,0,,,,,,,,,,,,,
24.474,,,,,,,,,0,0,,,,,,,,,,,,,
24.498,,,,,,,,,0,0,,,,,,,,,,,,,
24.541,,,,,,,,,0,0,,,,,,,,,,,,,
24.605,,,,,,,,,0,0,,,,,,,,,,,,,
24.621,,,,,,,,,0,0,,,,,,,,,,,,,
24.669,,,,,,,,,0,0,,,,,,,,,,,,,
24.686,,,,,,,,,0,0,,,,,,,,,,,,,
24.717,,,,,,,,,0,0,,,,,,,,,,,,,
24.732,,,,,,,,,0,0,,,,,,,,,,,,,
24.778,,,,,,,,,0,0,,,,,,,,,,,,,
24.843,,,,,,,,,0,0,,,,,,,,,,,,,
24.861,,,,,,,,,0,0,,,,,,,,,,,,,
24.907,,,,,,,,,0,0,,,,,,,,,,,,,
24.924,,,,,,,,,0,0,,,,,,,,,,,,,
24.969,,,,,,,,,0,0,,,,,,,,,,,,,
24.988,,,,,,,,,0,0,,,,,,,,,,,,,
25.018,,,,,,,,,0,0,,,,,,,,,,,,,
25.036,,,,,,,,,0,0,,,,,,,,,,,,,
25.084,,,,,,,,,0,0,,,,,,,,,,,,,
25.147,,,,,,,,,0,0,,,,,,,,,,,,,
25.167,,,,,,,,,0,0,,,,,,,,,,,,,
25.211,,,,,,,,,0,0,,,,,,,,,,,,,
25.229,,,,,,,,,0,0,,,,,,,,,,,,,
25.258,,,,,,,,,0,0,,,,,,,,,,,,,
25.275,,,,,,,,,0,0,,,,,,,,,,,,,
25.324,,,,,,,,,0,0,,,,,,,,,,,,,
25.338,,,,,,,,,0,0,,,,,,,,,,,,,
25.387,,,,,,,,,0,0,,,,,,,,,,,,,
25.407,,,,,,,,,0,0,,,,,,,,,,,,,
25.451,,,,,,,,,0,0,,,,,,,,,,,,,
25.497,,,,,,,,,0,0,,,,,,,,,,,,,
25.514,,,,,,,,,0,0,,,,,,,,,,,,,
25.562,,,,,,,,,0,0,,,,,,,,,,,,,
25.581,,,,,,,,,0,0,,,,,,,,,,,,,
25.626,,,,,,,,,0,0,,,,,,,,,,,,,
25.644,,,,,,,,,0,0,,,,,,,,,,,,,
25.690,,,,,,,,,0,0,,,,,,,,,,,,,
25.709,,,,,,,,,0,0,,,,,,,,,,,,,
25.740,,,,,,,,,0,0,,,,,,,,,,,,,
25.755,,,,,,,,,0,0,,,,,,,,,,,,,
25.804,,,,,,,,,0,0,,,,,,,,,,,,,
25.870,,,,,,,,,0,0,,,,,,,,,,,,,
25.887,,,,,,,,,0,0,,,,,,,,,,,,,
25.934,,,,,,,,,0,0,,,,,,,,,,,,,
25.949,,,,,,,,,0,0,,,,,,,,,,,,,
25.980,,,,,,,,,0,0,,,,,,,,,,,,,
25.994,,,,,,,,,0,0,,,,,,,,,,,,,
26.044,,,,,,,,,0,0,,,,,,,,,,,,,
26.107,,,,,,,,,0,0,,,,,,,,,,,,,
26.129,,,,,,,,,0,0,,,,,,,,,,,,,
26.169,,,,,,,,,0,0,,,,,,,,,,,,,
26.185,,,,,,,,,0,0,,,,,,,,,,,,,
26.218,,,,,,,,,0,0,,,,,,,,,,,,,
26.235,,,,,,,,,0,0,,,,,,,,,,,,,
26.284,,,,,,,,,0,0,,,,,,,,,,,,,
26.349,,,,,,,,,0,0,,,,,,,,,,,,,
26.369,,,,,,,,,0,0,,,,,,,,,,,,,
26.412,,,,,,,,,0,0,,,,,,,,,,,,,
26.429,,,,,,,,,0,0,,,,,,,,,,,,,
26.458,,,,,,,,,0,0,,,,,,,,,,,,,
26.477,,,,,,,,,0,0,,,,,,,,,,,,,
26.524,,,,,,,,,0,0,,,,,,,,,,,,,
26.543,,,,,,,,,0,0,,,,,,,,,,,,,
26.588,,,,,,,,,0,0,,,,,,,,,,,,,
26.603,,,,,,,,,0,0,,,,,,,,,,,,,
26.653,,,,,,,,,0,0,,,,,,,,,,,,,
26.717,,,,,,,,,0,0,,,,,,,,,,,,,
26.738,,,,,,,,,0,0,,,,,,,,,,,,,
26.762,,,,,,,,,0,0,,,,,,,,,,,,,
26.781,,,,,,,,,0,0,,,,,,,,,,,,,
26.827,,,,,,,,,0,0,,,,,,,,,,,,,
26.844,,,,,,,,,0,0,,,,,,,,,,,,,
26.891,,,,,,,,,0,0,,,,,,,,,,,,,
26.909,,,,,,,,,0,0,,,,,,,,,,,,,
26.955,,,,,,,,,0,0,,,,,,,,,,,,,
26.970,,,,,,,,,0,0,,,,,,,,,,,,,
27.002,,,,,,,,,0,0,,,,,,,,,,,,,
27.069,,,,,,,,,0,0,,,,,,,,,,,,,
27.089,,,,,,,,,0,0,,,,,,,,,,,,,
27.131,,,,,,,,,0,0,,,,,,,,,,,,,
27.149,,,,,,,,,0,0,,,,,,,,,,,,,
27.194,,,,,,,,,0,0,,,0,0.1000,0.1000,,,,,,,,
27.215,,,,,,,,,0,0,,,0,0.1000,0.1000,,,,,,,,
27.242,,,,,,,,,0,0,,,0,0.1000,0.1000,,,,,,,,
27.259,,,,,,,,,0,0,,,0,0.1000,0.1000,,,,,,,,
27.308,,,,,,,,,0,0,,,0,0.1000,0.1000,,,,,,,,
27.374,,,,,,,,,0,0,,,0,0.1000,0.1000,,,,,,,,
27.390,,,,,,,,,0,0,,,0,0.1000,0.1000,,,,,,,,
27.435,,,,,,,,,0,0,,,0,0.1000,0.1000,,,,,,,,
27.452,,,,,,,,,0,0,,,0,0.1000,0.1000,,,,,,,,
27.483,,,,,,,,,0,0,,,0,0.1000,0.1000,,,,,,,,
27.501,,,,,,,,,0,0,,,0,0.1000,0.1000,,,,,,,,
27.548,,,,,,,,,0,0,,,0,0.1000,0.1000,,,,,,,,
27.616,,,,,,,,,0,0,,,0,0.1000,0.1000,,,,,,,,
27.634,,,,,,,,,0,0,,,0,0.1000,0.1000,,,,,,,,
27.674,,,,,,,,,0,0,,,0,0.1000,0.1000,,,,,,,,
27.693,,,,,,,,,0,0,,,0,0.1000,0.1000,,,,,,,,
27.722,,,,,,,,,0,0,,,0,0.1000,0.1000,,,,,,,,
27.739,,,,,,,,,0,0,,,0,0.1000,0.1000,,,,,,,,
27.786,,,,,,,,,0,0,,,0,0.1000,0.1000,,,,,,,,
27.802,,,,,,,,,0,0,,,0,0.1000,0.1000,,,,,,,,
27.852,,,,,,,,,0,0,,,0,0.1000,0.1000,,,,,,,,
27.915,,,,,,,,,0,0,,,0,0.1000,0.1000,,,,,,,,
27.935,,,,,,,,,0,0,,,0,0.1000,0.1000,,,,,,,,
27.964,,,,,,,,,0,0,,,0,0.1000,0.1000,,,,,,,,
27.983,,,,,,,,,0,0,,,0,0.1000,0.1000,,,,,,,,
28.027,,,,,,,,,0,0,,,0,0.1000,0.1000,,,,,,,,
28.042,,,,,,,,,0,0,,,0,0.1000,0.1000,,,,,,,,
28.089,,,,,,,,,0,0,,,0,0.1000,0.1000,,,,,,,,
28.109,,,,,,,,,0,0,,,0,0.1000,0.1000,,,,,,,,
28.153,,,,,,,,,0,0,,,0,0.1000,0.1000,,,,,,,,
28.171,,,,,,,,,0,0,,,0,0.1000,0.1000,,,,,,,,
28.217,,,,,,,,,0,0,,,0,0.1000,0.1000,,,,,,,,
28.268,,,,,,,,,0,0,,,0,0.1000,0.1000,,,,,,,,
28.282,,,,,,,,,0,0,,,0,0.1000,0.1000,,,,,,,,
28.329,,,,,,,,,0,0,,,0,0.1000,0.1000,,,,,,,,
28.346,,,,,,,,,0,0,,,0,0.1000,0.1000,,,,,,,,
28.402,,,,,,,,,0,0,,,0,0.1000,0.1000,,,,,,,,
28.423,,,,,,,,,0,0,,,0,0.1000,0.1000,,,,,,,,
28.461,,,,,,,,,0,0,,,0,0.1000,0.1000,,,,,,,,
28.476,,,,,,,,,0,0,,,0,0.1000,0.1000,,,,,,,,
28.507,,,,,,,,,0,0,,,0,0.1000,0.1000,,,,,,,,
28.527,,,,,,,,,0,0,,,0,0.1000,0.1000,,,,,,,,
28.571,,,,,,,,,0,0,,,0,0.1000,0.1000,,,,,,,,
28.636,,,,,,,,,0,0,,,0,0.1000,0.1000,,,,,,,,
28.653,,,,,,,,,0,0,,,0,0.1000,0.1000,,,,,,,,
28.700,,,,,,,,,0,0,,,0,0.1000,0.1000,,,,,,,,
28.715,,,,,,,,,0,0,,,0,0.1000,0.1000,,,,,,,,
28.746,,,,,,,,,0,0,,,0,0.1000,0.1000,,,,,,,,
28.763,,,,,,,,,0,0,,,0,0.1000,0.1000,,,,,,,,
28.812,,,,,,,,,0,0,,,0,0.1000,0.1000,,,,,,,,
28.879,,,,,,,,,0,0,,,0,0.1000,0.1000,,,,,,,,
28.894,,,,,,,,,0,0,,,0,0.1000,0.1000,,,,,,,,
28.937,,,,,,,,,0,0,,,0,0.1000,0.1000,,,,,,,,
28.953,,,,,,,,,0,0,,,0,0.1000,0.1000,,,,,,,,
28.988,,,,,,,,,0,0,,,0,0.1000,0.1000,,,,,,,,
29.003,,,,,,,,,0,0,,,0,0.1000,0.1000,,,,,,,,
29.050,,,,,,,,,0,0,,,0,0.1000,0.1000,,,,,,,,
29.113,,,,,,,,,0,0,,,0,0.1000,0.1000,,,,,,,,
29.137,,,,,,,,,0,0,,,0,0.1000,0.1000,,,,,,,,
29.178,,,,,,,,,0,0,,,0,0.1000,0.1000,,,,,,,,
29.196,,,,,,,,,0,0,,,0,0.1000,0.1000,,,,,,,,
29.226,,,,,,,,,0,0,,,0,0.1000,0.1000,,,,,,,,
29.243,,,,,,,,,0,0,,,0,0.1000,0.1000,,,,,,,,
29.289,,,,,,,,,0,0,,,0,0.1000,0.1000,,,,,,,,
29.306,,,,,,,,,0,0,,,0,0.1000,0.1000,,,,,,,,
29.356,,,,,,,,,0,0,,,0,0.1000,0.1000,,,,,,,,
29.373,,,,,,,,,0,0,,,0,0.1000,0.1000,,,,,,,,
29.421,,,,,,,,,0,0,,,0,0.1000,0.1000,,,,,,,,
29.467,,,,,,,,,0,0,,,0,0.1000,0.1000,,,,,,,,
29.488,,,,,,,,,0,0,,,0,0.1000,0.1000,,,,,,,,
29.529,,,,,,,,,0,0,,,0,0.1000,0.1000,,,,,,,,
29.546,,,,,,,,,0,0,,,0,0.1000,0.1000,,,,,,,,
29.594,,,,,,,,,0,0,,,0,0.1000,0.1000,,,,,,,,
29.614,,,,,,,,,0,0,,,0,0.1000,0.1000,,,,,,,,
29.658,,,,,,,,,0,0,,,0,0.1000,0.1000,,,,,,,,
29.677,,,,,,,,,0,0,,,0,0.1000,0.1000,,,,,,,,
29.708,,,,,,,,,0,0,,,0,0.1000,0.1000,,,,,,,,
29.721,,,,,,,,,0,0,,,0,0.1000,0.1000,,,,,,,,
29.772,,,,,,,,,0,0,,,0,0.1000,0.1000,,,,,,,,
29.835,,,,,,,,,0,0,,,0,0.1000,0.1000,,,,,,,,
29.859,,,,,,,,,0,0,,,0,0.1000,0.1000,,,,,,,,
29.898,,,,,,,,,0,0,,,0,0.1000,0.1000,,,,,,,,
29.915,,,,,,,,,0,0,,,0,0.1000,0.1000,,,,,,,,
29.961,,,,,,,,,0,0,,,0,0.1000,0.1000,,,,,,,,
29.980,,,,,,,,,0,0,,,0,0.1000,0.1000,,,,,,,,
30.012,,,,,,,,,0,0,,,0,0.1000,0.1000,,,,,,,,
30.030,,,,,,,,,0,0,,,0,0.1000,0.1000,,,,,,,,
30.077,,,,,,,,,0,0,,,0,0.1000,0.1000,,,,,,,,
30.138,,,,,,,,,0,0,,,0,0.1000,0.1000,,,,,,,,
30.159,,,,,,,,,0,0,,,0,0.1000,0.1000,,,,,,,,
30.200,,,,,,,,,0,0,,,1,0.5000,0.1000,,,,,,,,
30.218,,,,,,,,,0,0,,,1,0.5000,0.1000,,,,,,,,
30.249,,,,,,,,,0,0,,,1,0.5000,0.1000,,,,,,,,
30.265,,,,,,,,,0,0,,,1,0.5000,0.1000,,,,,,,,
30.315,,,,,,,,,0,0,,,1,0.5000,0.1000,,,,,,,,
30.381,,,,,,,,,0,0,,,1,0.5000,0.1000,,,,,,,,
30.396,,,,,,,,,0,0,,,1,0.5000,0.1000,,,,,,,,
30.441,,,,,,,,,0,0,,,1,0.5000,0.1000,,,,,,,,
30.460,,,,,,,,,0,0,,,1,0.5000,0.1000,,,,,,,,
30.490,,,,,,,,,0,0,,,1,0.5000,0.1000,,,,,,,,
30.506,,,,,,,,,0,0,,,1,0.5000,0.1000,,,,,,,,
30.553,,,,,,,,,0,0,,,1,0.5000,0.1000,,,,,,,,
30.572,,,,,,,,,0,0,,,1,0.5000,0.1000,,,,,,,,
30.619,,,,,,,,,0,0,,,1,0.5000,0.1000,,,,,,,,
30.682,,,,,,,,,0,0,,,1,0.5000,0.1000,,,,,,,,
30.699,,,,,,,,,0,0,,,1,0.5000,0.1000,,,,,,,,
30.728,,,,,,,,,0,0,,,1,0.5000,0.1000,,,,,,,,
30.748,,,,,,,,,0,0,,,1,0.5000,0.1000,,,,,,,,
30.795,,,,,,,,,0,0,,,1,0.5000,0.1000,,,,,,,,
30.812,,,,,,,,,0,0,,,1,0.5000,0.1000,,,,,,,,
30.860,,,,,,,,,0,0,,,1,0.5000,0.1000,,,,,,,,
30.876,,,,,,,,,0,0,,,1,0.5000,0.1000,,,,,,,,
30.920,,,,,,,,,0,0,,,1,0.5000,0.1000,,,,,,,,
30.940,,,,,,,,,0,0,,,1,0.5000,0.1000,,,,,,,,
30.969,,,,,,,,,0,0,,,1,0.5000,0.1000,,,,,,,,
30.987,,,,,,,,,0,0,,,1,0.5000,0.1000,,,,,,,,
31.004,,,,,,,,,0,0,,,1,0.5000,0.1000,,,,,,,,
31.052,,,,,,,,,0,0,,,1,0.5000,0.1000,,,,,,,,
31.084,,,,,,,,,0,0,,,1,0.5000,0.1000,,,,,,,,
31.113,,,,,,,,,0,0,,,1,0.5000,0.1000,,,,,,,,
31.148,,,,,,,,,0,0,,,1,0.5000,0.1000,,,,,,,,
31.180,,,,,,,,,0,0,,,1,0.5000,0.1000,,,,,,,,
31.211,,,,,,,,,0,0,,,1,0.5000,0.1000,,,,,,,,
31.244,,,,,,,,,0,0,,,1,0.5000,0.1000,,,,,,,,
31.282,0.5000,0.5000,0.5000,0.5000,2.32,12.10,0.471,,1,0,,,1,0.5000,0.1000,0.18152,2.68416,,,,,,
31.314,0.5000,0.5000,0.5000,0.5000,3.23,4.36,0.474,,1,0,,,1,0.5000,0.1000,0.17070,2.54461,,,,,,
31.347,0.5000,0.5000,0.5000,0.5000,3.52,5.00,0.481,,1,0,,,1,0.5000,0.1000,0.16730,2.54421,,,,,,
31.368,0.5000,0.5000,0.5000,0.5000,4.79,-5.81,0.495,,1,0,,,1,0.5000,0.1000,0.15725,2.57225,,,,,,
31.401,0.5000,0.5000,0.5000,0.5000,5.12,-0.66,0.500,,1,0,,,1,0.5000,0.1000,0.16396,2.51650,,,,,,
31.433,0.5000,0.5000,0.5000,0.5000,4.32,11.95,0.483,,1,0,,,1,0.5000,0.1000,0.15429,2.45489,,,,,,
31.466,0.5000,0.5000,0.5000,0.5000,4.20,13.13,0.481,,1,0,,,1,0.5000,0.1000,0.17092,2.47580,,,,,,
31.498,0.5000,0.5000,0.5000,0.5000,4.83,16.02,0.476,,1,0,,,1,0.5000,0.1000,0.17119,2.55090,,,,,,
31.539,0.5000,0.5000,0.5000,0.5000,5.19,17.71,0.464,,1,0,,,1,0.5000,0.1000,0.16118,2.56884,,,,,,
31.572,0.5000,0.5000,0.5000,0.5000,5.00,17.15,0.459,,1,0,,,1,0.5000,0.1000,0.14480,2.57559,,,,,,
31.621,0.5000,0.5000,0.5000,0.5000,5.52,17.90,0.447,,1,0,,,1,0.5000,0.1000,0.10478,2.55833,,,,,,
31.640,0.5000,0.5000,0.5000,0.5000,5.52,17.78,0.442,,1,0,,,1,0.5000,0.1000,0.08043,2.55877,,,,,,
31.674,0.5000,0.5000,0.5000,0.5000,5.62,17.02,0.438,,1,0,,,1,0.5000,0.1000,0.04996,2.60593,,,,,,
31.710,0.5000,0.5000,0.5000,0.5000,5.66,16.84,0.424,,1,0,,,1,0.5000,0.1000,0.03603,2.64049,,,,,,
31.747,0.5000,0.5000,0.5000,0.5000,5.55,17.85,0.429,,1,0,,,1,0.5000,0.1000,0.02286,2.64487,,,,,,
31.770,0.5000,0.5000,0.5000,0.5000,5.38,17.37,0.426,,1,0,,,1,0.5000,0.1000,0.01748,2.62767,,,,,,
31.809,0.5000,0.5000,0.5000,0.5000,5.40,17.30,0.428,,1,0,,,1,0.5000,0.1000,0.01697,2.64787,,,,,,
31.833,0.5000,0.5000,0.5000,0.5000,5.53,16.83,0.426,,1,0,,,1,0.5000,0.1000,0.00893,2.70006,,,,,,
31.872,0.5000,0.5000,0.5000,0.5000,5.50,17.26,0.428,,1,0,,,1,0.5000,0.1000,0.00961,2.71776,,,,,,
31.904,0.5000,0.5000,0.5000,0.5000,5.31,17.06,0.429,,1,0,,,1,0.5000,0.1000,0.00062,2.71579,,,,,,
31.936,0.5000,0.5000,0.5000,0.5000,5.25,17.05,0.429,,1,0,,,1,0.5000,0.1000,0.00259,2.71392,,,,,,
